illness_name,severity,treatments,symptoms
49643-338,68,Cercidium torreyana,wilt
50268-616,68,Olanzapine,drooping
0031-8722,75,"Acetaminophen, DEXTROMETHORPHAN HYDROBROMIDE, and DOXYLAMINE SUCCINATE",drooping
63533-855,73,ALCOHOL,wilt
0115-4422,82,Dantrolene Sodium,brittle
0378-5613,65,levetiracetam,wilt
11673-050,30,diphenhydramine citrate and ibuprofen,dry
58443-0024,90,"Avobenzone, Octisalate, Octocrylene, and Oxybenzone",wet
0069-4030,36,DOXORUBICIN HYDROCHLORIDE,wilt
0185-1047,94,Quinidine Sulfate,dry
11716-1104,81,DEXTRAN 70,brittle
52125-138,58,Chlorpromazine Hydrochloride,dry
0378-6897,97,amlodipine benazepril hydrochloride,brown
64117-216,46,SILYBUM MARIANUM SEED,dry
52731-7009,76,"Belladonna, Calcarea carbonica, Calcarea fluorica, Chamomilla, Ferrum phosphoricum, Kreosotum, Podophyllum peltatum",wet
63304-159,31,Zolpidem Tartrate,dry
43419-747,91,"OCTINOXATE, TITANIUM DIOXIDE, and ZINC OXIDE",brittle
48951-6044,21,Liver comp.,bugs
0185-0505,21,Benazepril Hydrochloride,drooping
54868-3041,83,Desoximetasone,dry
49288-0682,89,Treatment Set TS329802,drooping
60760-016,99,PREGABALIN,wilt
55154-1422,96,rivaroxaban,drooping
61096-0033,19,"Arnica montana, Baryta carbonica, Calcarea phosphorica, Ginkgo biloba, Hamamelis virginiana, Millefolium, Phosphoricum acidum",brown
10356-840,66,"Avobenzone, Octinoxate",bugs
63187-037,22,Prednisone,dry
52125-311,27,Carvedilol,dry
98132-713,85,Octinoxate and Titanium Dioxide,yellow
67457-394,79,Doxorubicin Hydrochloride,dry
11344-984,99,Ethyl Alcohol,wilt
51079-819,99,Carisoprodol,brown
52389-154,26,Caffeine,bugs
63783-007,10,STANNOUS FLUORIDE,bugs
59528-4456,60,mineral/vitamin supplement,dry
0378-6201,80,verapamil hydrochloride,wilt
0904-5309,53,Ibuprofen,brown
42654-001,82,Oxygen,brittle
68788-9180,53,Lovastatin,wet
76021-100,93,"OCTINOXATE, OXYBENZONE, OCTISALATE, AVOBENZONE",bugs
53145-319,60,Undecylenic Acid,dry
36987-3086,53,Black Willow,wet
13668-158,21,TELMISARTAN,dry
13630-0053,43,"Avobenzone, Homsalate, Octisalate, Octocrylene and Oxybenzone",wilt
0395-2775,70,Iodine and potassium iodide,dry
62011-0016,32,IBUPROFEN,yellow
59746-281,58,Escitalopram Oxalate,wet
24451-725,64,"aluminum hydroxide, magnesium hydroxide, dimethicone",brown
58930-064,1,"Titnium Dioxide, Ethylhexyl Methoxycinnamate, Octocrylene",brown
64376-656,94,METHIMAZOLE,yellow
68016-403,19,Ketotifen Fumarate,brittle
21695-360,89,TRIAMCINOLONE ACETONIDE,brittle
0074-3826,63,Divalproex Sodium,yellow
24236-586,31,Potassium Chloride,bugs
0409-6531,90,VANCOMYCIN HYDROCHLORIDE,yellow
47335-290,78,Caffeine Citrate,bugs
65162-998,45,Fosphenytoin Sodium,wilt
49967-243,12,Octinoxate and Titanium dioxide,dry
61296-001,13,"TITANIUM DIOXIDE, ZINC OXIDE",brittle
55154-1132,32,ondansetron hydrochloride,yellow
51672-4031,45,Warfarin Sodium,wet
51079-631,23,prazosin hydrochloride,brown
49035-159,88,"Acetaminophen, Aspirin and caffeine",brown
41163-531,66,Acetaminophen,yellow
52125-029,66,Clonazepam,wilt
54868-5104,12,Metolazone,yellow
55154-1476,53,Enteric Aspirin,bugs
55910-479,76,Diphenhydramine Hydrochloride,bugs
68428-725,95,TOXICODENDRON PUBESCENS LEAF,wet
34057-006,22,Air,drooping
0187-0799,41,Diltiazem Hydrochloride,bugs
16729-138,76,clonazepam,yellow
58517-420,55,PANTOPRAZOLE SODIUM,wilt
63739-671,81,Tramadol Hydrochloride,yellow
53304-1301,87,MENTHOL,yellow
54679-0001,93,HAND SANITIZER,brittle
55154-5380,14,levothyroxine sodium,wilt
0409-4910,96,ATROPINE SULFATE,yellow
69093-1001,69,GLYCERIN,dry
55138-011,78,"silver nitrate, arsenic trioxide, activated charcoal, silybum marianum seed, herring sperm DNA, pork liver, mercuric chloride, lead",brown
43074-114,29,zinc acetate,brown
16590-055,3,CITALOPRAM HYDROBROMIDE,wilt
55312-107,77,Guaifenesin,bugs
49852-069,24,Ethyl Alcohol,bugs
43063-207,80,Phenylephrine Tannate and Chlorpheniramine Tannate,bugs
65435-0131,42,"OCTINOXATE, OCTISALATE, OXYBENZONE, TITANIUM DIOXIDE",drooping
76261-126,75,"avobenzone, Octinoxate, Octocrylene, Oxybenzone, Zinc Oxide",wilt
61786-010,57,Lamotrigine,drooping
37012-736,45,Petrolatum,dry
0363-0391,85,"Acetaminophen, Caffeine, Pyrilamine maleate",wet
0713-0634,26,Mometasone Furoate,brown
58411-113,23,OCTINOXATE and TITANIUM DIOXIDE,drooping
49348-744,64,"Aluminum Hydroxide, Magnesium Hydroxide, Simethicone",brittle
49288-0101,75,Cabbage,bugs
30142-417,73,"Naproxen sodium, Pseudoephedrine HCl",bugs
43857-0075,60,"Arsenicum Album, Bryonia, Cuprum Aceticum, Drosera, Ipecacuanha, Kali Carbonicum, Phosphorus",wet
11084-138,54,BENZALKONIUM CHLORIDE,drooping
55154-3337,96,LEVOFLOXACIN,wilt
49288-0717,77,Treatment Set TS329152,drooping
68788-9888,20,levonorgestrel,drooping
63739-325,34,FAMOTIDINE,brittle
68788-9812,92,Carbamazepine,bugs
51346-014,79,"TITANIUM DIOXIDE, OCTINOXATE, ZINC OXIDE",yellow
58118-0480,40,Orphenadrine Citrate,bugs
21749-153,68,alcohol,drooping
61360-1351,45,ciclopirox,yellow
68703-126,81,"Calc phos, Kali sulph, Nat sulphuricum",wet
63868-126,77,SIMETHICONE,brittle
55289-937,82,memantine hydrochloride,dry
0268-0292,58,"Meadow Fescue Grass, Standardized",dry
24987-400,90,cefuroxime,brittle
76344-2001,12,"OCTINOXATE, AMILOXATE, BEMOTRIZINOL, TITANIUM DIOXIDE",brown
62742-4048,86,Zinc Oxide and Titanium Dioxide,brittle
0268-6780,29,Privet,wet
41250-202,1,minoxidil,wet
49288-0245,16,Hormodendrum,brown
52685-368,2,Octinoxate and Titanium dioxide,drooping
50436-0025,79,mupirocin,dry
47219-250,17,NAJA NAJA VENOM,brown
51206-203,12,Benzocaine,brittle
53135-967,6,Aluminum Zirconium Tetrachlorohydrex Gly,yellow
50730-1481,1,"cocoa butter, phenylephrine hydrochloride, shark liver oil",yellow
16714-061,24,Metoclopramide Hydrochloride,drooping
68258-3000,57,TOPIRAMATE,drooping
13630-0026,84,"Avobenzone, Homosalate, Octisalate, Octocrylene and Oxybenzone",wilt
0065-1432,12,polyethylene glycol 0.4% and propylene glycol 0.3%,drooping
67877-159,62,Metformin hydrochloride,drooping
0781-5346,6,Quetiapine Fumarate,brittle
66129-413,48,HYDROQUINONE,wilt
0603-5916,71,Telmisartan,brown
42023-168,26,epinephrine,wet
55316-340,34,"aluminum hydroxide, magnesium hydroxide, simethicone",bugs
65841-068,48,Simvastatin,brittle
49738-432,18,Pseudoephedrine HCl,drooping
50111-788,5,Azithromycin,yellow
63629-5052,94,gabapentin,brown
42806-019,27,Citalopram,wet
98132-712,97,Octinoxate and Titanium Dioxide,bugs
13630-0049,75,"Avobenzone, Homosalate, Octisalate, Octocrylene and Oxybenzone",drooping
54868-3216,23,Amantadine Hydrochloride,dry
65841-649,4,topiramate,wet
63783-501,36,SODIUM FLUORIDE,wet
0220-9322,90,"ARNICA MONTANA, ARISAEMA TRIPHYLLUM ROOT, BELLADONNA LEAF, BROMINE, BRYONIA ALBA ROOT, MERCURIUS SOLUBILIS, PULSATILLA VULGARIS, PHYTOLACCA AMERICANA ROOT, SPONGIA OFFICINALIS SKELETON, ROASTED",yellow
55289-202,5,Minocycline Hydrochloride,brittle
63776-450,45,"acetylcholine chloride, prunus cerasifera flower, clematis vitalba flower, histamine, impatiens glandulifera flower, helianthemum nummularium flower, serotonin, ornithogalum umbellatum",brittle
75857-1000,62,ETHYL ALCOHOL,bugs
52982-124,39,hydrogen peroxide,wet
51655-085,42,Promethazine hydrochloride,brown
52125-091,61,warfarin sodium,brown
0404-5639,27,povidine iodine,yellow
68151-1438,85,Buspirone Hydrochloride,brown
67877-245,22,Quetiapine Fumarate,dry
55465-001,15,Oxygen,drooping
53489-700,19,Quinine Sulfate,bugs
64942-1232,61,Aluminum Zirconium Tetrachlorohydrex GLY,dry
0591-5440,46,Doxycycline Hyclate,yellow
0378-3402,57,tolterodine tartrate,brittle
59746-306,86,Olanzapine,wet
0268-1354,51,Pecan Pollen,brown
52125-959,99,Enalapril Maleate,wet
50458-578,60,rivaroxaban,wet
62627-100,18,Nitroglycerin,wet
57955-5165,87,"Apis mellifica, Arsenicum album, Borax, Capsicum annuum, Graphites, Mentha piperita, Mezereum, Natrum muriaticum, Nux vomica, Petroleum, Ranunculus bulbosus, and Rhus toxicodendron",wilt
68462-385,56,Mometasone Furoate,drooping
68634-0032,97,"Homosalate, Octisalate, Octocrylene, Oxybenzone, Avobenzone",yellow
53808-0874,10,pravastatin sodium,brown
36987-2714,17,Utah Juniper,wilt
57520-0663,4,"Baptisia tinctoria, Echinacea, Hydrastis canadensis, Phytolacca decandra, Arsenicum album, Bryonia, Eupatorium perfoliatum, Ferrum phosphoricum, Gelsemium sempervirens, Ipecacuanha, Rhus toxicodendron",dry
54092-389,31,"Dextroamphetamine Sulfate, Dextroamphetamine Saccharate, Amphetamine Sulfate and Amphetamine Aspartate",wet
63629-5220,84,FINASTERIDE,yellow
61722-203,1,OCTINOXATE,brittle
67143-2101,9,Dimethicone,wet
52959-991,9,Ondansetron Hydrochloride,drooping
15127-835,6,Magnesium Hydroxide,wilt
50382-007,34,Hydrocortisone Acetate,drooping
11410-401,66,Benzoyl Peroxide,dry
55037-201,16,Nitrogen,brittle
35356-759,26,Amitriptyline Hydrochloride,drooping
36987-2151,1,Corn Smut,yellow
49647-0001,89,OXYGEN,dry
53440-003,51,Nitrous Oxide,brown
63739-501,77,Lorazepam,dry
51523-031,65,TITANIUM DIOXIDE,yellow
58668-2021,80,TITANIUM DIOXIDE,wilt
0168-0272,22,mometasone furoate,brittle
24286-1546,70,"DEXTROMETHORPHAN HYDROBROMIDE, GUAIFENESIN, and PHENYLEPHRINE HYDROCHLORIDE",wet
43074-116,18,TETRACYCLINE HYDROCHLORIDE,brittle
63629-1369,97,AMITRIPTYLINE HYDROCHLORIDE,wet
57525-000,100,"AVOBENZONE, HOMOSALATE, OCTISALATE, OCTOCRYLENE",dry
21695-339,11,ezetimibe and simvastatin,brown
57955-6025,17,Natural Medicine,drooping
60560-1072,5,Oxygen,dry
49702-223,38,maraviroc,wilt
55648-734,76,Metoprolol Succinate,wilt
0069-4395,41,Ciprofloxacin,brown
42291-760,69,Sotalol Hydrochloride,drooping
28877-0070,70,levocetirizine dihydrochloride,drooping
11822-0580,28,"Acetaminophen, dextromethorphan HBr, doxylamine succinate, phenylephrine HCl",drooping
52685-440,93,Octinoxate and Titanium dioxide,dry
0519-6396,69,ALCOHOL,brittle
44019-004,89,DIMETHICONE,bugs
54868-3110,61,metronidazole,wet
65044-4704,93,"Dust, House Mixture",wilt
60429-021,89,Amoxicillin,wilt
69038-003,10,"OCTINOXATE, TITANIUM DIOXIDE",drooping
41250-477,93,Naproxen Sodium,brittle
49288-0605,45,English Walnut Pollen,bugs
65923-557,89,Sodium chloride,brown
57237-034,65,Cefprozil,dry
55154-6815,74,Sodium Bicarbonate,drooping
68788-0736,12,Proparacaine Hydrochloride,brown
16714-221,27,Granisetron Hydrochloride,yellow
42023-170,92,Etomidate,brown
49348-279,47,Clotrimazole,bugs
45802-368,40,Imiquimod,bugs
0186-4025,1,Esomeprazole magnesium,wet
47593-263,49,Triclosan,wilt
52125-351,71,Simvastatin,dry
0172-3650,73,Glipizide,wet
62670-4836,94,Alcohol,wilt
59958-200,37,"Titanium Dioxide, Zinc Oxide",wilt
30142-049,81,"Camphor, Menthol, Methyl Salicylate",brown
11410-036,7,"AVOBENZONE, OCTINOXATE, and OXYBENZONE",yellow
37000-395,78,Octinoxate and Zinc Oxide,brown
15127-318,17,"Eucalyptol, Menthol, Methyl salicylate, Thymol",wet
0093-0688,72,Lamotrigine,brown
43742-0325,26,not applicable,bugs
49348-757,37,Aspirin,wet
65862-186,46,Clindamycin Hydrochloride,brown
68084-464,59,AZITHROMYCIN,wet
68151-4290,8,lisinopril,wilt
0280-0924,52,"Acetaminophen, Dextromethorphan hydrobromide, Guaifenesin, Phenylephrine hydrochloride, and Doxylamine succinate",dry
67345-0509,75,Titanium Dioxide,bugs
49288-0238,18,Number Fourteen Grass Mixture,yellow
54569-4336,73,Phendimetrazine Tartrate,bugs
24385-146,71,Acetaminophen,drooping
0536-1001,67,Docusate Sodium,dry
60505-2552,83,Gabapentin,bugs
43547-336,59,Benazepril Hydrochloride,brittle
55154-6631,25,Sertraline Hydrochloride,bugs
13985-013,90,water,wilt
64679-976,75,Pioglitazone,brown
0615-1358,32,Hydrochlorothiazide,wilt
60681-5002,98,BOS TAURUS THYMUS,wilt
0517-3005,5,Water,brittle
68511-360,11,"Zinc Oxide, Petrolatum, Lanolin",wilt
54575-185,74,aspergillus terreus,drooping
49288-0600,84,Black Walnut,brittle
21695-207,1,Fluocinonide,drooping
32909-115,64,barium sulfate,dry
51079-386,84,lorazepam,wet
59640-016,26,Bismuth Subsalicylate,dry
24286-1562,4,"Piperonyl butoxide, Pyrethrum extract",bugs
21695-407,34,Norgestimate and Ethinyl Estradiol,bugs
53217-054,100,VALACYCLOVIR HYDROCHLORIDE,bugs
13537-158,90,Octinoxate and Oxybenzone,yellow
43853-0100,12,"Arnica montana, Deer antler velvet, Hepar bovine, HGH, IGF-1, Pituitaria glandula bovine, Thuja occidentalis,",yellow
65044-0879,11,Grass Mix 8,drooping
98132-186,53,Titanium Dioxide and Zinc Oxide,wet
37205-361,34,NICOTINE,bugs
62670-4816,30,Alcohol,wilt
99207-240,6,EDETATE CALCIUM DISODIUM,brittle
68828-192,1,"Avobenzone, Octinoxate, Octisalate, Octocrylene",wet
65162-356,53,Ibuprofen,drooping
61924-188,84,OTC TOPICAL ANALGESIC DRUG PRODUCTS,brown
10019-953,56,MESNA,wet
43063-062,9,Atenolol,dry
36987-1442,67,Cucumber,brittle
49349-698,42,Metoclopramide Hydrochloride,drooping
10096-8026,48,"Octinoxate, Oxybenzone, Octisalate",brittle
66993-960,15,METRONIDAZOLE,dry
21695-844,35,Terconazole,brown
49999-656,89,SULINDAC,yellow
63776-454,55,"acetylcholine chloride, histamine, interferon gamma-1a, interleukin-12 human, serotonin",yellow
65954-768,35,SODIUM MONOFLUOROPHOSPHATE,brown
68828-094,26,"Homosalate, Octisalate, Octocrylene, Oxybenzone, Avobenzone",wilt
65084-298,52,"oxycodone hydrochloride, acetaminophen",dry
21695-462,2,Fexofenadine Hydrochloride,drooping
0186-0510,95,naproxen and esomeprazole magnesium,drooping
0078-0467,16,deferoxamine mesylate,wilt
46122-023,7,Ketotifen,bugs
45802-046,89,Gentamicin Sulfate,wilt
66993-960,20,METRONIDAZOLE,wilt
50458-192,4,norelgestromin and ethinyl estradiol,wilt
0132-0704,12,Bisacodyl,wilt
0003-3624,50,ATAZANAVIR,brown
31722-250,62,Escitalopram,bugs
41163-371,21,"Acetaminophen, Dextromethorphan Hydrobromide, Phenylephrine Hydrochloride",wet
63629-4514,90,morphine sulfate,dry
47781-135,32,"Dorzolamide Hydrochloride Ophthalmic Solution 2%, 10mL",wet
55289-916,20,acetaminophen and codeine phosphate,yellow
60432-616,98,Lithium Hydroxide Monohydrate,brown
61543-2285,33,UNDECYLENIC ACID,drooping
24794-109,36,Sodium Fluoride,dry
61010-2111,58,alcohol,drooping
42953-001,1,ALCOHOL,brown
36987-1675,41,Cinnamon,brown
10191-1459,60,BUSHMASTER VENOM,wilt
0409-4902,8,DEXTROSE MONOHYDRATE,yellow
36987-3411,34,Common Sagebrush,dry
63304-548,28,quinapril,wilt
0603-1328,91,guaifenesin,brittle
68169-0022,84,"BACITRACIN ZINC, NEOMYCIN SULFATE, POLYMYXIN-B SULFATE",bugs
66780-121,10,pramlintide acetate,wilt
42731-012,52,"Alianthus, Ana barbariae, Arsenicum album, Byronia, Eucalyptus, Eupatorium perfoliatum, Gelsemium, Glycerinum, Influenzinum, Mercurius vivus, Phytolacca, Sticta pulmonaria",wet
21695-679,14,Hydralazine Hydrochloride,bugs
27190-100,89,OXYGEN,yellow
53208-505,15,"SILICON DIOXIDE , SODIUM FLUORIDE, AMINOCAPROIC ACID, GLYCYRRHIZINATE DIPOTASSIUM, Curcuma xanthorrhiza oil, SEA SALT",wet
59779-042,73,Pheniramine Maleate and Naphazoline Hydrochloride,wet
67989-011,44,Nitric Oxide Nitrogen Mix,drooping
15071-652,75,Dimethicone Zinc Oxide,brown
44911-0023,40,"Apis Mellifica, Arsenicum Album, Belladonna, Chamomilla, Echinacea, Lachesis Mutus, Mercurius Solubilis",brittle
63187-008,20,Sulfamethoxazole and Trimethoprim,bugs
42507-917,60,Acetaminophen,dry
24658-162,53,ALENDRONATE SODIUM,yellow
68308-502,94,Multiple Vitamin Capsule,brittle
68703-036,41,"Aconitum nap, Calc carb, Nat carb",bugs
43269-750,18,Triclosan,brown
68786-160,37,Glycerin,brown
14743-085,70,"Avobenzone, Octinoxate, Octisalate",dry
49884-579,51,rizatriptan benzoate,drooping
0440-8165,31,Prednisone,bugs
58578-0729,18,Sodium Fluoride,wet
52584-389,70,Ampicillin Sodium,bugs
66993-416,86,montelukast sodium,brittle
50804-370,34,Aspirin,dry
63868-968,68,"POLYETHYLENE GLYCOL 400, PROPYLENE GLYCOL",yellow
49873-108,91,"acetaminophen, chlorpheniramine maleate, dextromethorphan hydrobromide",brown
66467-2002,63,Benzocaine,yellow
0093-5290,10,Voriconazole,wilt
33992-1068,36,ALCOHOL,drooping
10096-0226,42,Salicylic acid,brittle
63323-659,41,INDOMETHACIN,dry
49349-725,87,Prednisone,drooping
68196-456,96,Nicotine Polacrilex,drooping
54868-2032,77,hydroxyzine hydrochloride,drooping
10157-9860,79,Dimethicone and Pramoxine Hydrochloride,brittle
37808-029,40,Nicotine Polacrilex,dry
66715-9707,27,Fexofenadine Hydrochloride,bugs
16590-286,59,GLIPIZIDE,wet
44924-003,48,Ascorbic Acid,yellow
44911-0029,37,"Gentiana lutea, Sambucus nigra, Arsenicum album, Kali bichromicum, Lycopodium clavatum, Phosphorus, Pulsatilla, Bismuthum carbonicum,",yellow
49483-382,50,Aspirin,wilt
0093-0834,80,Clonazepam,brittle
69190-111,23,UNDECYLENIC ACID,wilt
0781-2192,66,Olanzapine and Fluoxetine,brittle
49963-381,73,"Dextromethorphan Hydrobromide, Guaifenesin, Phenylephrine Hydrochloride",bugs
63941-019,61,Lansoprazole,bugs
54473-206,79,CLOTRIMAZOLE,brown
68682-370,25,diltiazem hydrochloride,wilt
42254-155,64,Acetaminophen,bugs
57520-0701,1,"Acetylcholine chloride,",wilt
49348-740,5,simethicone,wilt
22431-328,89,Aluminum Zirconium,wilt
37205-595,80,CHLORHEXIDINE GLUCONATE,bugs
37012-882,47,Simethicone,dry
63824-256,28,Guaifenesin and Dextromethorphan Hydrobromide,bugs
52959-773,67,Citalopram,wet
52685-344,29,Titanium dioxide,wet
0781-9220,62,Clindamycin in 5 Percent Dextrose,wilt
0517-0510,66,Vasopressin,bugs
63940-224,71,Loperamide HCl,brown
64679-670,49,Lansoprazole,bugs
34645-5002,72,Benzalkonium Chloride,brown
10356-826,19,"Avobenzone, Octinoxate",wet
0268-1126,89,Cottonwood Eastern Common,dry
14783-323,47,Octinoxate and Oxybenzone,wet
61957-1430,46,"OCTINOXATE, TITANIUM DIOXIDE",wet
52124-0111,21,"BENZALKONIUM CHLORIDE, LIDOCAINE, BACITRACIN ZINC, NEOMYCIN SULFATE, POLYMYXIN B SULFATE, WATER, BENZOCAINE, ALCOHOL, IBUPROFEN, ACETAMINOPHEN, ASPIRIN",brittle
65342-1008,90,"AVOBENZONE, OCTISALATE, OCTOCRYLENE",wet
13734-031,35,Octinoxate and Titanium Dioxide,dry
0527-1394,86,Loxapine,dry
62756-148,21,Rivastigmine Tartrate,wet
64942-1170,68,Aluminum Zirconium Tetrachlorohydrex GLY,yellow
47584-003,93,AMMONIA N-13,brown
55319-367,44,Diphenhydramine HCl,yellow
57344-133,71,CHLORPHENIRAMINE MALEATE and PHENYLEPHRINE HYDROCHLORIDE,drooping
36987-1358,86,Pineapple,wet
0268-1164,98,Dog Fennel,wilt
60505-3251,94,lamivudine,wet
0002-5800,85,Atomoxetine hydrochloride,bugs
0019-9450,52,"sodium iodide, i-131",brittle
55910-311,64,Pyrithione zinc,wilt
0338-0705,44,POTASSIUM CHLORIDE,brown
13537-149,20,Octinoxate and Oxybenzone,dry
49790-001,43,Oxygen,yellow
11822-1105,78,bacitracin zinc,brittle
55319-535,67,"Acetaminophen, Dextromethorphan HBr, Doxylamine Succinate",wet
67544-988,92,allopurinol,yellow
0456-1512,38,milnacipran hydrochloride,wet
0363-0801,97,"SODIUM BICARBONATE, SODIUM CHLORIDE",yellow
0469-8234,26,adenosine,drooping
0065-0023,2,carbachol,wet
0078-0181,86,octreotide acetate,brown
61221-020,78,Allantoin,dry
53345-009,16,Simethicone,brown
13668-429,7,Pantoprazole Sodium,drooping
52125-370,85,Carvedilol,yellow
0268-6114,35,Cabbage,wet
11822-8787,79,"eucalyptol, menthol, methyl salicylate, thymol",drooping
52670-556,90,Choline C-11,bugs
55319-032,87,WITCH HAZEL,brown
52125-559,96,NAPROXEN,dry
0268-0917,58,NEUROSPORA INTERMEDIA,dry
17630-2025,81,Homosalate and Octisalate and Octocrylene and Avobenzone,bugs
66472-029,13,"OCTINOXATE, TITANIUM DIOXIDE",bugs
68703-004,40,"Cacao, Gelsemium, Graphites, Acacia gum, lactose, magnesium stearate, corn starch, sucrose",drooping
68151-2347,99,Mexiletine Hydrochloride,wet
56136-010,60,TRICLOSAN,brittle
64376-812,36,Phenazopyridine HCl,drooping
17630-2020,58,Homosalate and Octinoxate and Octisalate and Octocrylene and Oxybenzone and Avobenzone,brittle
59970-178,22,ALCOHOL,dry
54575-455,49,pink salmon,bugs
59088-107,28,Sodium Fluoride,drooping
0904-5869,56,DOCUSATE SODIUM,brittle
49281-183,24,ivermectin,wilt
17856-0021,30,Renagel,wet
0536-1362,50,Nicotine Polacrilex,dry
54868-5690,41,amlodipine besylate and benazepril hydrochloride,brittle
0615-7584,63,isosorbide dinitrate,dry
24385-463,11,Chlorpheniramine Maleate,wet
16590-126,23,IBUPROFEN,wilt
49852-014,93,TRICLOSAN,brittle
75921-208,11,VALACYCLOVIR HYDROCHLORIDE,drooping
55154-2729,85,sildenafil citrate,drooping
55289-142,50,Ibuprofen,drooping
63629-4075,35,Bisoprolol Fumarate and Hydrochlorothiazide,brittle
24653-802,71,Octinoxate,wilt
0378-6612,14,isotretinoin,drooping
50580-257,66,"Acetaminophen, Dextromethorphan Hydrobromide, and Phenylephrine Hydrochloride",wet
54569-0774,13,Nystatin and Triamcinolone Acetonide,yellow
57955-5318,93,"Alumina, Antimonium crudum, Arsenicum album, Asarum europaeum, Baptisia Tinctoria, Carbolicum acidum, Chininum arsenicosum, Cocculus indicus, Lecithin, Picricum acidum, Pulsatilla, Rhus toxicodendron, Silicea, and Sulphur",brown
67457-467,84,Methotrexate,brown
41190-751,71,"Acetaminophen, Diphenhydramine HCl",brittle
65862-157,76,Paroxetine Hydrochloride,wilt
13537-115,50,Octinoxate and Oxybenzone,dry
52533-146,1,Hydromorphone HCl,drooping
55154-9564,84,"BUPIVACAINE HYDROCHLORIDE,EPINEPHRINE BITARTRATE",brown
16714-359,92,Levonorgestrel and Ethinyl Estradiol,wilt
54569-2523,34,acetaminophen and codeine phosphate,drooping
49288-0791,97,Treatment Set TS337026,brown
10812-418,56,"Avobenzone, Homosalate, Octisalate, Octocrylene, and Oxybenzone",dry
50742-103,59,atenolol,wet
49527-886,56,"octinoxate, octisalate, avobenzone, and oxybenzone",yellow
42213-162,30,guaifenesin dextromethorphan HBr,dry
65174-880,6,Sodium Iodide I 131,dry
14783-605,56,"Octinoxate, Titanium Dioxide, and Zinc Oxide",yellow
68647-112,38,"Humulus , Lobelia inf , Nux vom , Lactose",wet
62742-4060,25,Zinc Oxide and Titanium Dioxide,brown
36987-1026,3,Duck Feathers,bugs
58411-202,39,OCTINOXATE and TITANIUM DIOXIDE,brittle
33261-947,32,Levocetirizine Dihydrochloride,drooping
15499-1234,58,Oxygen,brittle
70253-307,25,Isopropyl Alcohol,yellow
22700-133,68,Ensulizole,dry
52686-313,63,OCTINOXATE and TITANIUM DIOXIDE,drooping
0338-1132,50,"Leucine, Phenylalanine, Lysine, Methionine, Isoleucine, Valine, Histidine, Threonine, Tryptophan, Alanine, Glycine, Arginine, Proline, Serine, Tyrosine, Dextrose",brown
63736-018,1,Miconazole Nitrate,bugs
42361-039,69,"Octinoxate, Bemotrizinol, Zinc Oxide, Amiloxate, Titanium Dioxide",bugs
68405-013,71,"TEMAZEPAM, CHOLINE",drooping
68180-479,72,SIMVASTATIN,bugs
50742-104,53,Furosemide,wilt
49288-0277,4,Standardized Kentucky (June) Bluegrass,brown
59779-173,60,"piperonyl butoxide, pyrethrum extract",yellow
24236-839,7,ABILIFY,dry
25021-653,39,ropivacaine hydrochloride,bugs
63629-4974,52,FENTANYL,drooping
47124-177,61,TRICLOSAN,drooping
58468-0100,20,clofarabine,dry
46287-010,46,Triamcinolone Acetonide,bugs
54868-5011,49,Diclofenac Sodium,yellow
53489-216,4,clonidine hydrochloride,bugs
65044-1786,53,Lambs Quarters Chenopodium album,wilt
50436-3171,42,Hydrocodone Bitartrate And Acetaminophen,brittle
11429-1008,2,CHLOROXYLENOL,brittle
0268-0956,4,STEMPHYLIUM SOLANI,wet
30142-498,15,Guaifenesin,drooping
55910-326,37,"Avobenzone, Octocrylene",brown
55910-563,28,Aspirin,wilt
98132-303,59,Titanium Dioxide and Zinc oxide,drooping
10096-0282,19,menthol,drooping
43857-0135,25,"Baptisia Tinctoria, Echinacea, Hydrastis Canadensis, Tabebuia Impetiginosa, Trifolium Pratense, Arnica Montana",wilt
51079-278,55,propranolol hydrochloride,bugs
66715-9723,37,Bismuth subsalicylate,dry
65597-902,13,colesevelam hydrochloride,bugs
66993-466,94,Olanzapine,wet
11410-509,66,Salicylic Acid,brown
54095-111,96,COAL TAR,bugs
0268-0157,25,Allergenic Extracts Alum Precipitated,drooping
52685-361,32,Octinoxate and Titanium dioxide,brown
54436-015,80,methotrexate,drooping
0781-5700,10,losartan potassium,bugs
55316-701,89,Naproxen Sodium,drooping
68151-1313,11,"Butalbital, Acetaminophen, and Caffeine",wet
49349-538,17,Gabapentin,wet
30142-704,9,"Acetaminophen, Dextromethorphan HBr, Phenylephrine HCl",bugs
43269-838,58,Triclosan,dry
48951-4090,45,Formica Oxalis,yellow
49288-0445,24,Redwood Pollen,wet
43251-3213,28,Methyl Salicylate,yellow
69038-003,12,"OCTINOXATE, TITANIUM DIOXIDE",yellow
0019-9180,95,gallium citrate ga-67,wet
0409-3213,40,DIAZEPAM,yellow
67296-0447,52,Cyclobenzaprine Hydrochloride,brown
0363-0678,74,"Mineral oil, petrolatum, phenylephrine hcl",wilt
0316-7405,36,urea,brittle
64127-154,30,zinc oxide and octinoxate,wet
65966-001,94,TITANIUM DIOXIDE OCTINOXATE,wilt
55154-6988,29,ISOPROTERENOL HYDROCHLORIDE,brittle
66096-684,95,"rSomatotropin, rIGF-I, rIGF-II, RNA, DNA,Glandula Suprarenalis Suis, Hepar Suis, Pituitarium Posterium, Thymus, Thyroidinum, Placenta Totalis Suis, Orchitinum, Abrotanum, Anacard Or, Arsenicum Alb, Baryta Carb, Baryta Mur, Calc Carb, Calc Phos, Ferrum Met, Fucus, Hekla, Hellebor Nig, Ignatia, Lycopodium, Nicotinamidium, Secale, Silicea, Cobaltum Met, Lithium Carb, Mag Phos, Mang Acet, Kali Phos, Selenium Met, Zinc Met.",drooping
50228-111,69,Hydrochlorothiazide,wet
51672-1260,57,Clotrimazole,bugs
0527-1372,66,levothyroxine sodium,brittle
54868-0667,27,Amiloride Hydrochloride and Hydrochlorothiazide,wet
49349-831,6,Metoprolol Tartrate,bugs
0904-1088,72,dipyridamole,wet
66582-315,73,ezetimibe and simvastatin,brown
0904-5953,80,Spironolactone,yellow
0409-3378,99,Piperacillin and Tazobactam,bugs
0573-1906,1,PETROLATUM,wet
58503-051,94,"Camphor, Menthol",dry
24909-127,26,Thuja Occidentalis,dry
63868-177,45,Omeprazole Magnesium,brittle
59427-111,76,"OCTINOXATE, OCTISALATE, and OXYBENZONE",brittle
61941-0132,22,Menthol and Pectin,brittle
53746-118,15,Hydrocodone Bitartrate and Acetaminophen,drooping
48951-9167,88,Aconitum Belladonna,brittle
55714-2295,40,"Elaps corallinus, Arg. nit., Bryonia, Calc. carb., Colocynthis, Convallaria, Crotalus horridus, Cuprum met., Digitalis, Gelsemium, Hypericum, Kali carb., Lachesis, Lathyrus sativus, Lilium, Mag. phos., Nux vom., Rhus toxicodendron, Silicea, Stramonium, Veratrum viride, Echinacea",wilt
55154-2350,19,VANCOMYCIN HYDROCHLORIDE,brown
55154-7456,59,Lithium Carbonate,wilt
57520-0663,71,"Baptisia tinctoria, Echinacea, Hydrastis canadensis, Phytolacca decandra, Arsenicum album, Bryonia, Eupatorium perfoliatum, Ferrum phosphoricum, Gelsemium sempervirens, Ipecacuanha, Rhus toxicodendron",yellow
0462-0263,92,alclometasone dipropionate,yellow
54458-957,92,Benazepril Hydrochloride,wet
58468-0126,30,DOXERCALCIFEROL,brittle
0121-4803,95,Bismuth Subsalicylate,drooping
21695-809,3,Bisoprolol Fumarate and Hydrochlorothiazide,yellow
0078-0545,35,"carbidopa, levodopa, and entacapone",wilt
0573-0188,79,"chlorpheniramine maleate, ibuprofen, pseudoephedrine HCl",wilt
49781-013,40,MENTHOL,brown
52584-800,38,Phenylephrine Hydrochloride,dry
42507-207,26,Famotidine,brown
0093-0537,10,Naproxen Sodium,drooping
63539-014,58,PREGABALIN,drooping
45963-305,17,dextroamphetamine sulfate,drooping
49288-0436,42,Rhodotorula,yellow
58118-1323,35,PRAVASTATIN SODIUM,dry
68788-9042,13,Atenolol and Chlorthalidone,wilt
49967-857,27,Avobenzone Octisalate Octocrylene,yellow
0268-6517,62,Chaetomium globosum,dry
61822-0047,58,SALICYLIC ACID,yellow
63936-8523,56,MENTHOL,brown
51439-005,26,Benzoyl Peroxide,drooping
51060-001,40,"Octinoxate, Octisalate, and Oxybenzone",wilt
36987-1796,21,Cockroach American,wet
36800-548,40,"acetaminophen, dextromethorphan HBr, guaifenesin, phenylephrine HCl",drooping
16714-372,93,Lamotrigine,brown
54575-153,92,ambrosia psilostachya pollen and ambrosia trifida pollen and ambrosia artemisiifolia pollen,bugs
42291-108,49,Acyclovir,brittle
63187-074,81,Hydrochlorothiazide,brown
55154-0925,48,Ephedrine Sulfate,yellow
63824-460,39,Triclosan,wilt
41520-231,94,Diphenhydramine HCl,brittle
0113-0469,10,Bismuth subsalicylate,bugs
0904-5978,3,risperidone,drooping
49288-0242,21,Mixture of Standardized and Non-Standardized Coastal Grasses,brittle
49288-0018,12,Ash Mixture,bugs
0054-0276,11,Imipramine Pamoate,bugs
50382-010,76,Hydrocortisone,bugs
55154-1337,58,DIPYRIDAMOLE,brown
66184-480,29,Titanium Dioxide,yellow
51285-080,38,norethindrone acetate and ethinyl estradiol and ferrous fumarate,brittle
0378-4261,30,zolmitriptan,wilt
61995-0204,83,"Homosalate, Octocrylene, Ethylhexyl Methoxycinnamate, Ethylhexyl Salicilate, Titanium Dioxide",wet
41250-215,20,Menthol,wilt
17856-0108,35,RAMIPRIL,yellow
63044-404,92,Ammonium Lactate,wilt
43598-348,35,Decitabine,brittle
65084-123,74,"PHENOBARBITAL, HYOSCYAMINE SULFATE, ATROPINE SULFATE, SCOPOLAMINE HYDROBROMIDE",drooping
54868-3867,68,lansoprazole,wilt
64942-1089,11,Aluminum Zirconium Tetrachlorohydrex GLY,drooping
57520-0027,28,Acetaldehyde,wet
0113-0922,92,"Acetaminophen, Dextromethorphan HBr, Guaifenesin, Phenylephrine HCl",drooping
68084-618,19,Escitalopram Oxalate,wet
57520-0141,64,"Spongia tosta, Iodium Fucus vesiculosus, Belladonna, Adenosine triphosphate, Parathyroid,",bugs
55648-712,38,CEFPROZIL,brown
0007-4141,62,carvedilol,brittle
60429-243,94,Etodolac,brittle
43063-442,22,Triamterene and hydrochlorothiazide,bugs
43857-0108,26,Rescue,drooping
65841-022,11,Atenolol,yellow
49967-333,85,"Avobenzone, Homosalate, Octisalate and Octocrylene",dry
48951-1073,65,Argentite Urtica,brown
25237-0517,82,Pyrithione Zinc,brittle
10812-146,65,"Homosalate, Octinoxate, Octisalate, and Oxybenzone",yellow
63304-580,35,Metoprolol Tartrate,yellow
41250-047,77,Ranitidine,bugs
52125-549,31,PRAVASTATIN SODIUM,wet
12745-144,43,POVIDONE IODINE,dry
49738-022,90,Cimetidine,bugs
51672-1302,92,Terconazole,wilt
43857-0171,52,Agrimony,brown
36987-3140,47,Allscale,dry
54868-4540,95,TELMISARTAN AND HYDROCHLOROTHIAZIDE,yellow
59779-713,51,"CAMPHOR, and MENTHOL",wilt
0206-2409,44,PIPERACILLIN SODIUM and TAZOBACTAM SODIUM,dry
37205-279,63,Benzoyl Peroxide 10%,drooping
49288-0129,70,Mountain Cedar,brittle
51442-545,6,Sodium Fluoride,dry
55154-6922,58,Rosuvastatin calcium,brown
30142-937,13,AVOBENZONE HOMOSALATE OCTISALATE OCTOCRYLENE OXYBENZONE,yellow
67544-346,78,Hydrochlorothiazide,brown
67046-134,88,Donepezil Hydrochloride,wet
11673-497,82,Miconazole Nitrate,yellow
63981-571,54,fexofenadine hydrochloride,dry
0338-1115,57,"Leucine, Phenylalanine, Lysine, Methionine, Isoleucine, Valine, Histidine, Threonine, Tryptophan, Alanine, Glycine, Arginine, Proline, Serine, Tyrosine, Sodium Acetate, Dibasic Potassium Phosphate, Ma",brown
68428-100,10,NITROGLYCERIN,wet
36987-3126,53,Dandelion,drooping
0338-0549,98,HEPARIN SODIUM,drooping
10544-101,91,Acyclovir,wet
57520-0756,98,"Pulsatilla, Plantago major, Euphorbium officinarum, Luffa operculata, Mercurius iodatus ruber, Mucosa nasalis suis, Argentum nitricum, Hepar sulphuris calcareum, Calcarea carbonica, Natrum muriaticum,",brittle
76074-142,17,"METHYL SALICYLATE, MENTHOL, CAPSAICIN AND LIDOCAINE",yellow
36800-044,49,DOCUSATE SODIUM,brittle
33342-027,77,Donepezil Hydrochloride,brown
50804-120,63,Bisacodyl,wet
52125-824,28,Levothyroxine Sodium,yellow
54118-7132,84,"Hypothalamus, Pituitary, Hepar Suis, Methyl B12",drooping
0338-0551,73,Dextrose Monohydrate,wilt
0378-3566,53,alendronate sodium,wilt
49789-080,62,BISMUTH SUBSALICYLATE,wet
60505-0815,83,DESMOPRESSIN ACETATE,wet
65483-894,9,alosetron hydrochloride,dry
63304-554,29,Clorazepate dipotassium,brittle
43742-0089,18,"Echinacea, Hydrastis Canadensis, Lomatium Dissectum, Myrrha, Nasturtium Aquaticum, Tabebuia Impetiginosa, Spleen, Thymus",dry
13537-101,85,Octinoxate and Oxybenzone,brown
36987-1571,35,Oat Grain,yellow
36987-3212,32,Goldenrod,drooping
65044-3041,9,Banana Musa sapientum,brown
0603-0746,3,Docusate sodium,drooping
13548-638,88,Tretinoin,brittle
0395-2685,27,Sodium Bicarbonate,bugs
50964-070,15,WITCH HAZEL,bugs
16729-042,4,Tacrolimus,wilt
17630-2021,33,Homosalate and Octinoxate and Octisalate and Octocrylene and Oxybenzone and Avobenzone,brown
49035-013,70,"Acetaminophen, Diphenhydramine HCl",brown
50154-1060,87,ALCOHOL,brown
0115-2622,69,TERBUTALINE SULFATE,brittle
55513-006,1,darbepoetin alfa,brown
0093-4821,94,Lorazepam,wet
63304-173,85,Doxycycline,drooping
76485-1036,9,"Titanium Dioxide, Octinoxate",wilt
0338-5002,27,Ceftriaxone Sodium,yellow
16729-145,15,Quetiapine fumarate,wet
35356-711,86,Etodolac,bugs
36987-1338,33,Lemon,brown
64117-291,78,TITANIUM,bugs
76126-101,87,oxacillin,yellow
43547-265,52,GABAPENTIN,brittle
14783-600,40,"Octinoxate, Titanium Dioxide, and Zinc Oxide",drooping
49762-450,60,Earwax Removal,yellow
41520-272,58,"Acetaminophen, Phenylephrine HCl",wilt
59779-977,30,"Acetaminophen, Dextromethorphan Hydrobromide, Doxylamine Succinate",bugs
63629-1533,71,Hydroxyzine Pamoate,brittle
50021-301,70,"Octisalate, Oxybenzone, Avobenzone and Homosalate.",bugs
54868-6194,8,aliskiren hemifumarate and hydrochlorothiazide,brown
50523-488,42,ALUMINUM CHLOROHYDRATE,yellow
49349-891,74,Cyclobenzaprine Hydrochloride,wilt
16729-041,46,Tacrolimus,drooping
58468-0160,8,ALGLUCOSIDASE ALFA,bugs
63323-010,26,GENTAMICIN SULFATE,yellow
30142-975,83,Acetaminophen,drooping
68084-054,10,Diltiazem Hydrochloride,brown
0378-0076,49,flurbiprofen,yellow
49348-045,55,Diphenhydramine Hydrochloride,brown
16714-695,9,Fluconazole,brown
51386-600,95,"TITANIUM DIOXIDE, OCTINOXATE",yellow
60505-3114,57,Olanzapine,drooping
0525-6748,57,carbinoxamine maleate,brown
64159-6973,73,TITANIUM DIOXIDE and OCTINOXATE,brown
36987-1316,54,Cranberry,dry
55111-169,45,Quetiapine fumarate,brown
53808-0934,73,Pantoprazole Sodium,bugs
54569-1660,31,BUPIVACAINE HYDROCHLORIDE,drooping
63739-461,37,Dextrose,brittle
55319-175,29,Acetaminophen,yellow
50845-0085,84,"Antimonium crudum, Arsenicum album, Mancinella, Nitricum acidum, Sulphur, Thuja occidentalis,",wet
13913-001,62,ciprofloxacin hydrochloride,wet
49999-851,68,Oxycodone Hydrochloride,yellow
21695-680,99,Hydralazine Hydrochloride,drooping
55154-4795,78,FAMOTIDINE,wilt
67172-292,10,Naphazoline Hydrochloride and Glycerin and Zinc Sulfate,dry
0378-5124,65,sotalol hydrochloride,drooping
64696-1968,69,Oxygen,yellow
59779-516,32,"Dextromethorphan Hydrobromide, Guaifenesin, Phenylephrine Hydrochloride",wilt
41163-685,45,Ibuprofen,wilt
49349-790,79,ERYTHROMYCIN STEARATE,brown
55513-478,29,epoetin alfa,brittle
49643-367,31,Juglans regia,brown
41250-734,12,Nicotine Polacrilex,wilt
44183-900,4,spinosad,wet
47781-307,87,Nitrofurantion Macrocrystals,yellow
76049-002,84,"OCTOCRYLENE, OCTISALATE, AVOBENZONE, OCTINOXATE",drooping
52125-612,2,LIDOCAINE HYDROCHLORIDE ANHYDROUS and EPINEPHRINE,wilt
50268-699,32,risperidone,brittle
59824-0008,86,"ACONITUM NAPELLUS, ARNICA MONTANA, BELLIS PERENNIS, BRYONIA ALBA ROOT, CALENDULA OFFICINALIS FLOWERING TOP, HAMAMELIS VIRGINIANA ROOT BARK/STEM BARK, HYPERICUM PERFORATUM, LEDUM PALUSTRE TWIG, and RUTA GRAVEOLENS FLOWERING TOP",dry
65862-526,53,Pioglitazone Hydrochloride and Metformin Hydrochloride,dry
59779-147,100,DOCUSATE SODIUM,brown
50419-524,100,interferon beta-1b,drooping
55312-476,50,"Acetaminophen, Chlorpheniramine maleate, Phenylephrine HCl",brown
53462-007,71,CHLORHEXIDINE GLUCONATE,wilt
52959-969,10,emtricitabine and tenofovir disoproxil fumarate,wet
52584-332,77,Vancomycin Hydrochloride,brown
50988-195,44,Benzalkonium chloride,brown
54868-6273,9,Norethindrone and Ethinyl Estradiol,bugs
0485-0098,98,CHLORPHENIRAMINE MALEATE,dry
55154-5884,1,ATORVASTATIN CALCIUM,drooping
63868-803,93,NyQuil Cherry,drooping
63323-492,19,LIDOCAINE HYDROCHLORIDE,yellow
59900-111,76,Ethanol,wet
49738-480,43,"Acetaminophen, Dextromethorphan Hydrobromide, Doxylamine Succinate",brown
58232-0748,47,"Avobenzone, Homosalate, Octisalate, Oxybenzone and Octocrylene",dry
13630-0029,12,"Avobenzone, Homosalate, Octisalate, Octocrylene, Oxybenzone",bugs
54838-104,57,Pseudoephedrine hydrochloride,bugs
36987-1636,23,Coffee,bugs
76282-418,99,lisinopril,brittle
54473-235,30,Octinoxate 7.5%,drooping
57469-063,84,BENZALKONIUM CHLORIDE,yellow
0126-0021,51,SODIUM FLUORIDE,bugs
44183-210,10,"PHENYLEPHRINE HYDROCHLORIDE, PYRILAMINE MALEATE, and DEXTROMETHORPHAN HYDROBROMIDE",wilt
52125-653,31,PRAVASTATIN SODIUM,brown
0225-0610,37,PROPYLHEXEDRINE,wet
47682-587,67,"MAGNESIUM SALICYLATE, ACETAMINOPHEN",brittle
51060-005,3,"Octinoxate, Octisalate, and Oxybenzone",yellow
76282-237,28,Amlodipine besylate,dry
60289-050,12,OCTOCRYLENE,dry
49288-0180,21,House Dust,brown
54868-4912,79,pramipexole dihydrochloride,brown
54868-3046,92,Chlorhexidine gluconate,brittle
61601-1144,30,Titanium Dioxide and Octinoxate,dry
61601-1139,71,Titanium Dioxide and Octinoxate,yellow
61786-036,34,Famotidine,brown
0187-2201,16,"Homosalate, Meradimate, Octinoxate, Titanium Dioxide, and Zinc Oxide",drooping
54057-304,54,Benzalkonium Chloride,dry
67544-507,77,vardenafil hydrochloride,dry
52125-312,63,Paroxetine Hydrochloride,wet
0378-1175,54,buspirone hydrochloride,bugs
10237-738,84,Benzocaine,dry
49288-0953,25,Treatment Set TS351167,yellow
49288-0954,71,Treatment Set TS351200,drooping
42291-683,39,Pramipexole Dihydrochloride,brown
61314-014,57,Diclofenac Sodium,bugs
0904-6319,70,"Mineral Oil, Petrolatum, Phenylephrine Hydrochloride",dry
54868-6024,81,milnacipran hydrochloride,drooping
0069-3030,19,Doxorubicin Hydrochloride,wet
17478-324,2,Zoledronic Acid,wet
68428-103,39,STRYCHNOS IGNATII SEED,wilt
0378-5205,18,montelukast sodium,brown
49999-786,96,AZITHROMYCIN,drooping
0591-0396,81,Pentazocine HCl and Acetaminophen,drooping
63868-935,60,Magnesium citrate,drooping
52125-637,34,PROMETHAZINE HYDROCHLORIDE,brown
24236-615,15,Lisinopril,yellow
37808-208,84,Cetirizine Hydrochloride,wet
30142-615,39,Ketotifen,brittle
0054-3566,89,Midazolam Hydrochloride,dry
10481-3012,28,POTASSIUM HYDROXIDE,bugs
59062-1003,43,BENZALKONIUM CHLORIDE,drooping
63629-3051,53,Phendimetrazine Tartrate,brittle
59779-995,14,ibuprofen,wilt
54057-304,21,Benzalkonium Chloride,yellow
63162-510,34,Acetaminophen,brown
36987-1689,100,Dill,drooping
55312-630,28,Dimenhydrinate,brittle
49348-063,41,Acetaminophen,brown
16781-189,27,"",bugs
54799-507,14,Fluorescein Sodium and Proparacaine Hydrochloride,bugs
49781-025,95,Bismuth subsalicylate,yellow
0149-0470,68,RISEDRONATE SODIUM,bugs
51345-113,10,alcohol,wilt
53808-1041,32,Isoniazid,wet
36987-2431,72,Soft Cheat Brome,dry
60207-001,66,Oxygen,bugs
40032-622,82,Levonorgestrel,brown
0087-6060,5,METFORMIN HYDROCHLORIDE,wet
50268-099,31,Azithromycin,bugs
64117-577,66,KEROSENE,drooping
48951-7114,27,Magnesium sulf Conchae Special Order,dry
52959-772,19,Gabapentin,wilt
67457-422,86,Dexamethasone sodium phosphate,wilt
51285-082,63,norethindrone acetate and ethinyl estradiol,wilt
63629-3636,5,Metoprolol succinate,wet
58988-0184,63,Sodium chloride,bugs
54575-102,93,Lolium perenne pollen,drooping
52125-092,59,Enalapril Maleate,brittle
60429-505,28,alprazolam,wet
58414-2040,5,"AVOBENZONE, OCTINOXATE, and OCTISALATE",brittle
60512-6002,99,"ERIODICTYON CALIFORNICUM, IPECACUANHA, LOBELIA INFLATA, CHAMOMILLA, BELLADONNA, COFFEA CRUDA, SOLIDAGO VIRGAUREA, SAMBUCUS NIGRA, CRATAEGUS",wet
62011-0048,98,Nicotine Polacrilex,wet
68180-757,48,Amlodipine Besylate and Benazepril Hydrochloride,wilt
11383-151,72,Ibuprofen,brittle
63029-050,15,Acetaminophen and Diphenhydramine,drooping
36987-1615,88,Chick Pea,yellow
68745-2020,80,OCTINOXATE and TITANIUM DIOXIDE,wilt
30142-120,65,Bisacodyl,wet
0135-0502,1,potassium nitrate and sodium fluoride,yellow
42291-708,59,Ropinirole Hydrochloride,dry
67938-0908,90,Octinoxate,drooping
58232-9910,18,"Zinc Oxide, Ferric Oxide Red, and Pramoxine Hydrochloride",wet
42254-203,31,Olanzapine,drooping
59779-661,23,"Acetaminophen, Diphenhydramine HCL, Phenylephrine HCL and Dextromethorphan HBr",drooping
61657-0104,96,"ARSENICUM ALBUM,MAGNESIA PHOSPHORICA,PULSATILLA,RHUS TOXICODENDRON,BAPTISIA,PHYTOLACCA,HYDRASTIS,SEPIA,ECHINACEA,MERCURIUS SOLUBILIS,KALI BICHROMICUM,",brown
49035-212,85,Alcohol,wet
55319-175,89,Acetaminophen,bugs
65862-561,21,Olanzapine,brittle
54575-360,7,cantaloupe,brittle
49288-9933,2,Phenol,bugs
68258-4985,97,Docusate sodium and sennosides,drooping
30698-144,96,calcitriol,brown
41250-387,99,"Avobenzone, Octisalate, Octocrylene and Oxybenzone",dry
55910-724,35,BENZALKONIUM CHLORIDE,brown
64679-904,18,CAPTORPIL,brittle
0268-6208,11,Rice,drooping
23155-111,74,Propranolol Hydrochloride,brittle
54575-400,77,haddock,wet
49288-0815,23,Treatment Set TS341451,brittle
0641-6105,80,Robinul,dry
59572-402,45,Lenalidomide,drooping
0186-1095,36,metoprolol succinate and hydrochlorothiazide,bugs
10812-130,32,"Avobenzone, Homosalate, Octisalate, Octocrylene, and Oxybenzone",yellow
62296-0023,95,Triclosan,bugs
0378-6009,8,fluphenazine hydrochloride,drooping
75936-131,83,"homosalate, octocrylene, octisalate, Avobenzone",yellow
63323-374,65,ONDANSETRON HYDROCHLORIDE,bugs
41520-195,54,Ibuprofen,bugs
49288-0788,81,Treatment Set TS336682,wilt
63736-203,20,"Acetaminophen, Aspirin and Caffeine",dry
50436-1265,93,PREGABALIN,brittle
62037-597,59,Diltiazem Hydrochloride,bugs
41190-486,68,Docusate sodium,brown
50403-999,34,Dimethicone and Butyl Methoxydibenzoylmethane and Titanium Dioxide and Octyl Methoxycinnamate,wet
68084-336,20,Levetiracetam,bugs
52125-089,5,Topiramate,yellow
0009-0286,42,medroxyprogesterone acetate,yellow
59351-0324,21,"OCTINOXATE, TITANIUM DIOXIDE",bugs
42254-005,41,Propranolol Hydrochloride,yellow
43547-222,14,Levetiracetam,brittle
65862-012,1,Sertraline Hydrochloride,brittle
54868-6192,88,"Dextroamphetamine Saccharate, Amphetamine Aspartate, Dextroamphetamine Sulfate and Amphetamine Sulfate",brittle
48951-8043,81,Platinum Cichorium,yellow
55910-240,77,DIPHENHYDRAMINE HYDROCHLORIDE,wet
17156-021,93,Indium In-111 Oxyquinoline,wilt
64980-137,39,POTASSIUM CITRATE,wet
10544-019,85,Naproxen,wilt
0143-9929,31,Ciprofloxacin,brittle
66336-604,66,OXYBUTYNIN CHLORIDE,yellow
55301-871,94,Hydrogen Peroxide,dry
13733-030,97,"OCTINOXATE, Zinc Oxide, Titanium Dioxide",wet
13537-313,75,Octinoxate and Oxybenzone,bugs
51285-692,14,Bethanechol Chloride,dry
59276-209,53,Purified Water,yellow
59886-343,17,"Avobenzone, Homosalate, Octinoxate , Octisalate , Octocrylene , Oxybenzone",brown
51523-102,77,"OCTINOXATE, OCTISALATE, TITANIUM DIOXIDE, AVOBENZONE, ENZACAMENE, NIACINAMIDE, ADENOSINE",wilt
61786-036,28,Famotidine,wet
0005-2500,74,CALCIUM POLYCARBOPHIL,brown
51141-5000,71,"CAMPHOR (SYNTHETIC), MENTHOL, METHYL SALICYLATE",brown
0904-6296,60,Naproxen,brittle
0409-1886,68,LEVETIRACETAM,wet
49738-619,5,Ranitidine,yellow
48951-4056,23,Ferrum arsenicosum 30 Special Order,brittle
61077-001,37,"Phytolacca decandra, Thuja occidentalis",dry
0363-0763,88,"Acetaminophen, Dextromethorphan HBr, Doxylamine Succinate, Phenylephrine HCl",yellow
11673-315,32,loratadine,drooping
21695-213,58,zolpidem tartrate,brittle
49288-0599,21,White Fish,brittle
62584-739,22,hydroxyzine pamoate,dry
76237-296,14,Simvastatin,drooping
51079-104,30,spironolactone and hydrochlorothiazide,yellow
68814-145,19,Aluminum Zirconium Tetrachlorohydrex GLY,wilt
55111-353,61,Rivastigmine Tartrate,drooping
47682-007,71,calcium carbonate,bugs
36800-340,58,"aluminum hydroxide, magnesium hydroxide, simethicone",brittle
55648-757,50,KETOROLAC TROMETHAMINE,brittle
61543-7501,99,"ZINC OXIDE, OCTINOXATE",wet
0574-0420,28,Hydrocortisone,bugs
54575-939,54,juniperus scopulorum pollen,wilt
34690-8001,39,TOPICAL STARCH,bugs
43063-131,57,Benazepril Hydrochloride,wet
63481-674,69,Oxymorphone Hydrochloride,wilt
0555-0763,54,"Dextroamphetamine Saccharate, Amphetamine Aspartate, Dextroamphetamine Sulfate, and Amphetamine Sulfate",brittle
49035-619,38,Dimethicone,brown
0220-9054,88,"MATRICARIA RECUTITA, RHUBARB, PHYTOLACCA AMERICANA ROOT",dry
11523-7364,16,"Avobenzone, Homosalate, Octisalate, Octocrylene, and Oxybenzone",brown
42507-217,100,Acetaminophen,bugs
51138-008,54,Baclofen,brown
0135-0549,31,sodium fluoride,wilt
0245-0181,96,Divalproex Sodium,wet
0942-6488,62,Anticoagulant Citrate Phosphate Dextrose (CPD) Solution and ADSOL Preservation Solution,yellow
11994-090,24,Technetium Tc99m Generator,dry
59779-086,47,Petrolatum,drooping
0115-1329,68,"Dextroamphetamine Saccharate, Amphetamine Aspartate, Dextroamphetamine Sulfate and Amphetamine Sulfate",bugs
49281-286,61,"corynebacterium diphtheriae toxoid antigen (formaldehyde inactivated), clostridium tetani toxoid antigen (formaldehyde inactivated), bordetella pertussis toxoid antigen (glutaraldehyde inactivated), bordetella pertussis filamentous hemagglutinin antigen (formaldehyde inactivated), bordetella pertussis pertactin antigen, and bordetella pertussis fimbriae 2/3 antigen",wet
53150-422,86,Haloperidol Decanoate,dry
21695-089,47,Risperidone,dry
64205-210,94,Lisinopril,dry
0069-3857,6,Gemcitabine Hydrochloride,drooping
55714-4587,48,"Adrenalinum, Thyroidinum, Aloe, Calc. carb., Chelidonium majus, Conium, Graphites, Iodium, Lachesis, Lycopodium, Lycopus virginicus, Phytolacca, Rhus toxicodendron, Silicea, Spongia, Echinacea",wet
55505-154,81,Undecylenic acid,brittle
54868-5580,48,Loratadine,drooping
62670-4793,8,Alcohol,wilt
0054-8739,9,PredniSONE,drooping
51645-750,70,DOCUSATE SODIUM,wet
0591-5642,9,Minoxidil,dry
54569-5921,55,Cefdinir,bugs
55316-462,9,diphenhydramine hydrochloride,yellow
45963-748,17,"Dextroamphetamine Saccharate, Amphetamine Aspartate, Dextroamphetamine Sulfate and Amphetamine Sulfate",drooping
0019-9132,50,indium in 111 chloride,drooping
57337-057,20,Benzalkonium Chloride,drooping
52959-913,70,"Butalbital, Acetaminophen, and Caffeine",yellow
64942-1314,35,Aluminum Zirconium Tetrachlorohydrex GLY,wilt
10361-778,95,barium sulfate,bugs
63868-091,41,Acetaminophen,drooping
68479-312,30,Salicylic Acid,bugs
11026-2790,54,"Dextromethorphan HBr, Guaifenesin, Phenylephrine HCl",yellow
0363-0550,32,"Acetaminophen, Dextromethorphan HBr, Doxylamine Succinate, Pseudoephedrine HCl",brittle
68645-163,44,Captopril,bugs
41520-270,58,Acetaminophen and Phenylephrine HCl,brittle
51672-2001,96,Miconazole Nitrate,bugs
67877-159,2,Metformin hydrochloride,brittle
48951-4084,36,Formica Apis,bugs
0168-0215,3,erythromycin,dry
59450-200,94,ALCOHOL,dry
0093-4069,76,Prazosin Hydrochloride,wilt
42507-184,21,"Acetaminophen, Aspirin and Caffeine",yellow
51991-837,51,Cetirizine Hydrochloride,bugs
49288-0108,54,Celery,wilt
58414-3507,51,TITANIUM DIOXIDE and ZINC OXIDE,drooping
11673-407,39,Camphor,bugs
55513-710,35,denosumab,brittle
59875-3010,73,"Arctium lappa root, Berberis vulgaris root bark, Silybum marianum seed, Chelidonium majus, Cholesterol, Chrysanthellum indicum subsp. afroamericanum, Solidago virgaurea flowering top, Taraxacum offici",wet
36800-345,71,"Acetaminophen, Dextromethorphan Hydrobromide, Doxylamine Succinate, Phenylephrine Hydrochloride",bugs
0409-9558,79,Rocuronium Bromide,drooping
11822-0013,48,"Loratadine, Pseudoephedrine",wet
36987-1295,74,Banana,brittle
0173-0344,36,ranitidine hydrochloride,yellow
49643-371,92,Juniperus sabinoides,drooping
61919-434,23,MELOXICAM,dry
0462-0434,59,fluticasone propionate,brown
51672-4047,72,Carbamazepine,bugs
52125-877,21,Sertraline Hydrochloride,wet
75936-111,93,"Homosalate, Octisalate, Avobenzene, Octocrylene",brittle
44911-0074,68,"Aethusa Cynapium, Arsenicum Album, Cocculus Indicus, Ipecacuanha, Kreosotum, Petroleum, Pulsatilla",dry
0245-0085,80,Propranolol Hydrochloride,wilt
58411-199,73,OCTINOXATE and TITANIUM DIOXIDE,brown
0409-4162,36,"ISOLEUCINE, LEUCINE, LYSINE ACETATE, METHIONINE, PHENYLALANINE, THREONINE, TRYPTOPHAN, VALINE, ALANINE, ARGININE, ASPARTIC ACID, GLUTAMIC ACID, HISTIDINE, PROLINE, SERINE, N-ACETYL-TYROSINE, and GLYCINE",wet
0378-6113,57,Oxycodone Hydrochloride,dry
53441-251,39,Caffeine,bugs
0037-6050,68,Zolpidem Tartrate,wilt
0603-0851,93,brompheniramine maleate and pseudoephedrine HCl,dry
54868-5638,16,SERTRALINE HYDROCHLORIDE,bugs
10202-906,80,"phenylephrine hcl, brompheniramine maleate",brittle
0093-8947,32,Acyclovir,dry
54340-187,79,Aluminum Zirconium Trichlorohydrex Gly,wilt
65174-288,68,Pentetic Acid,brown
64942-1264,90,Triclosan,drooping
49288-0072,7,Paperbark Birch,dry
63354-210,86,"OCTOCRYLENE, OXYBENZONE",wet
68645-417,37,ATORVASTATIN CALCIUM,wet
0574-0122,97,Activated charcoal,drooping
52125-089,21,Topiramate,wet
0781-2067,48,Mycophenolate Mofetil,wet
51991-191,2,methscopolamine bromide,yellow
36987-1258,71,Shrimp,bugs
76282-200,99,Fosinopril sodium,wet
63941-360,12,"Acetaminophen, Diphenhydramine HCl",drooping
16714-692,32,Fluconazole,yellow
60949-060,91,ALLANTOIN,wilt
68915-256,33,Benzalkonium Chloride,wet
37205-837,78,Omeprazole,brittle
63824-401,6,Salicylic Acid,bugs
37205-473,39,Phenylephrine Hydrochloride,wilt
0781-1785,54,Diclofenac Sodium,yellow
37205-640,22,Miconazole nitrate,wet
50436-4313,66,Propranolol Hydrochloride,wilt
53028-1001,7,Sulfur,dry
52125-581,34,Warfarin Sodium,brown
49349-634,29,Ciprofloxacin Hydrochloride,dry
57237-051,75,Galantamine,brittle
36987-2840,90,California Black Oak,drooping
68788-9823,63,Lisinopril,wilt
66116-446,82,Amlodipine Besylate,brown
68788-6762,1,Propranolol Hydrochloride,bugs
0363-0456,58,Nicotine Polacrilex,wilt
59834-203,75,Cephalexin,brown
52305-200,88,Alcohol,wet
63187-085,28,Prednisone,drooping
67234-008,19,Pramoxine Hydrochloride and Menthol,yellow
16714-300,92,Famciclovir,brown
0135-0225,82,nicotine polacrilex,brown
57520-0152,85,"Alfalfa, Avena sativia, Chelidonium majus, Aralia quinquefolia, Beta vulgaris, Calendula officinalis, Cuprum aceticum,",brittle
42507-656,10,"acetaminophen, dextromethorphan Hbr, Phenylephrine HCl",wet
0615-4554,17,Acetaminophen,brown
0078-0611,53,Aliskiren Hemifumarate and Amlodipine Besylate and Hydrochlorothiazide,dry
